CMEANS_P,CMEANS_N,KMEANS_CB_P,KMEANS_CB_N,KMEANS_CS_P,KMEANS_CS_N,KMEANS_CR_P,KMEANS_CR_N,KMEANS_SQ_P,KMEANS_SQ_N,NET_P,NET_N
220,29,38,211,206,43,206,43,248,1,227,22
35,18,22,31,28,25,28,25,53,0,41,12
17,18,17,18,17,18,17,18,17,18,17,18
238,0.788079470198676,69,0.228476821192053,231,0.764900662251656,231,0.764900662251656,248,0.821192052980132,239,0.791390728476821
