CMEANS_P,CMEANS_N,KMEANS_CB_P,KMEANS_CB_N,KMEANS_CS_P,KMEANS_CS_N,KMEANS_CR_P,KMEANS_CR_N,KMEANS_SQ_P,KMEANS_SQ_N,NET_P,NET_N
224,35,36,223,47,212,212,47,258,1,227,32
39,17,22,34,32,24,24,32,56,0,39,17
18,17,18,17,18,17,18,17,18,17,18,17
241,0.765079365079365,70,0.222222222222222,71,0.225396825396825,244,0.774603174603175,258,0.819047619047619,244,0.774603174603175
