CMEANS_P,CMEANS_N,KMEANS_CB_P,KMEANS_CB_N,KMEANS_CS_P,KMEANS_CS_N,KMEANS_CR_P,KMEANS_CR_N,KMEANS_SQ_P,KMEANS_SQ_N,NET_P,NET_N
0.883534136546185,0.660377358490566,0.890997352162401,0.696098562628337,0.827309236947791,0.490566037735849,0.827309236947791,0.490566037735849,0.889679715302491,0.616666666666667,0.911646586345382,0.773584905660377
0.116465863453815,0.339622641509434,0.109002647837599,0.303901437371663,0.172690763052209,0.509433962264151,0.172690763052209,0.509433962264151,0.110320284697509,0.383333333333333,0.0883534136546185,0.226415094339623
17,17,1,17,17,17,17,17,15,17,17,17
