CMEANS_P,CMEANS_N,KMEANS_CB_P,KMEANS_CB_N,KMEANS_CS_P,KMEANS_CS_N,KMEANS_CR_P,KMEANS_CR_N,KMEANS_SQ_P,KMEANS_SQ_N,NET_P,NET_N
227,34,36,225,84,177,177,84,260,1,228,33
37,17,23,31,51,3,3,51,54,0,37,17
18,17,18,17,18,17,18,17,18,17,18,17
0.869731800766284,0.314814814814815,0.137931034482759,0.574074074074074,0.32183908045977,0.0555555555555556,0.67816091954023,0.944444444444444,0.996168582375479,0,0.873563218390805,0.314814814814815
