CMEANS_P,CMEANS_N,KMEANS_CB_P,KMEANS_CB_N,KMEANS_CS_P,KMEANS_CS_N,KMEANS_CR_P,KMEANS_CR_N,KMEANS_SQ_P,KMEANS_SQ_N,NET_P,NET_N
515,73,119,658,614,1726,804,365,518,70,261,35
78,42,64,105,399,100,15,232,78,42,38,20
11,17,1,5,1,1,13,15,11,17,3,17
0.875850340136054,0.35,0.153153153153153,0.621301775147929,0.262393162393162,0.200400801603206,0.687767322497861,0.939271255060729,0.880952380952381,0.35,0.881756756756757,0.344827586206897
