CMEANS_A,CMEANS_B,CMEANS_C,KMEANS_CB_A,KMEANS_CB_B,KMEANS_CB_C,KMEANS_CR_A,KMEANS_CR_B,KMEANS_CR_C,KMEANS_CS_A,KMEANS_CS_B,KMEANS_CS_C,KMEANS_SQ_A,KMEANS_SQ_B,KMEANS_SQ_C,NET_A,NET_B,NET_C
0.328571428571429,0.285714285714286,0.385714285714286,0.342857142857143,0.285714285714286,0.371428571428571,0.371428571428571,0.414285714285714,0.214285714285714,0.357142857142857,0.371428571428571,0.271428571428571,0.428571428571429,0.228571428571429,0.342857142857143,0.371428571428571,0.285714285714286,0.342857142857143
0.642857142857143,0.357142857142857,0,0.642857142857143,0.357142857142857,0,0,0.357142857142857,0.642857142857143,0.785714285714286,0,0.214285714285714,0,0.642857142857143,0.357142857142857,0,0.357142857142857,0.642857142857143
0,1,0,0,1,0,0,1,0,0.5,0,0.5,0,0,1,0,1,0
25,25,0.228571428571429,25,25,0.233333333333333,25,25,0.242857142857143,25,25,0.285714285714286,25,25,0.690476190476191,25,25,0.242857142857143
