CMEANS_A,CMEANS_B,CMEANS_C,KMEANS_CB_A,KMEANS_CB_B,KMEANS_CB_C,KMEANS_CR_A,KMEANS_CR_B,KMEANS_CR_C,KMEANS_CS_A,KMEANS_CS_B,KMEANS_CS_C,KMEANS_SQ_A,KMEANS_SQ_B,KMEANS_SQ_C,NET_A,NET_B,NET_C
0.309859154929577,0.295774647887324,0.394366197183099,0.267605633802817,0.338028169014085,0.394366197183099,0.366197183098592,0.338028169014085,0.295774647887324,0.366197183098592,0.338028169014085,0.295774647887324,0.394366197183099,0.309859154929577,0.295774647887324,0.394366197183099,0.295774647887324,0.309859154929577
0.727272727272727,0.272727272727273,0,0.272727272727273,0.727272727272727,0,0,0.181818181818182,0.818181818181818,0,0.818181818181818,0.181818181818182,0,0.727272727272727,0.272727272727273,0,0.272727272727273,0.727272727272727
0,1,0,0.666666666666667,0.333333333333333,0,0,0.666666666666667,0.333333333333333,0,0.666666666666667,0.333333333333333,0,0.333333333333333,0.666666666666667,0,0.666666666666667,0.333333333333333
25,25,0.194195475885617,25,25,0.331626120358515,25,25,0.293782899416702,25,25,0.505904111537914,25,25,0.596101863707498,25,25,0.333475601081235
