CMEANS_A,CMEANS_B,CMEANS_C,KMEANS_CB_A,KMEANS_CB_B,KMEANS_CB_C,KMEANS_CR_A,KMEANS_CR_B,KMEANS_CR_C,KMEANS_CS_A,KMEANS_CS_B,KMEANS_CS_C,KMEANS_SQ_A,KMEANS_SQ_B,KMEANS_SQ_C,NET_A,NET_B,NET_C
0.411764705882353,0.264705882352941,0.323529411764706,0,0,0,0.382352941176471,0.254901960784314,0.362745098039216,0.366197183098592,0.338028169014085,0.295774647887324,0.394366197183099,0.309859154929577,0.295774647887324,0,0,0
0,0.684210526315789,0.315789473684211,0,0,0,0,0.684210526315789,0.315789473684211,0,0.818181818181818,0.181818181818182,0,0.727272727272727,0.272727272727273,0,0,0
0,0.142857142857143,0.857142857142857,0,0,0,0,0.428571428571429,0.571428571428571,0,0.666666666666667,0.333333333333333,0,0.333333333333333,0.666666666666667,0,0,0
16,25,0.651039363113666,0,0,0,16,25,0.545997346306944,25,25,0.505904111537914,25,25,0.596101863707498,0,0,0
