CMEANS_A,CMEANS_B,CMEANS_C,KMEANS_CB_A,KMEANS_CB_B,KMEANS_CB_C,KMEANS_CR_A,KMEANS_CR_B,KMEANS_CR_C,KMEANS_CS_A,KMEANS_CS_B,KMEANS_CS_C,KMEANS_SQ_A,KMEANS_SQ_B,KMEANS_SQ_C,NET_A,NET_B,NET_C
0.880333951762523,0.0241187384044527,0.0955473098330241,0.813186813186813,0.0842490842490843,0.102564102564103,0.654343807763401,0.0905730129390018,0.255083179297597,0.655204460966543,0.107806691449814,0.236988847583643,0.900552486187845,0.00552486187845304,0.0939226519337017,0.873563218390805,0.096551724137931,0.0298850574712644
0.56,0.12,0.32,0.151515151515152,0.363636363636364,0.484848484848485,0.0381679389312977,0.129770992366412,0.83206106870229,0.0627450980392157,0.172549019607843,0.764705882352941,0.655172413793103,0,0.344827586206897,0.564356435643564,0.306930693069307,0.128712871287129
0.433333333333333,0.1,0.466666666666667,0.0666666666666667,0.4,0.533333333333333,0.0277777777777778,0.0555555555555556,0.916666666666667,0.0232558139534884,0.0930232558139535,0.883720930232558,0.304347826086957,0,0.695652173913043,0.451612903225806,0.419354838709677,0.129032258064516
10,13,0.489000206143063,4,25,0.57005217005217,13,22,0.566927155598827,16,19,0.570491470268981,7,22,0.532068220033629,10,22,0.436508723174876
