CMEANS_A,CMEANS_B,CMEANS_C,KMEANS_CB_A,KMEANS_CB_B,KMEANS_CB_C,KMEANS_CR_A,KMEANS_CR_B,KMEANS_CR_C,KMEANS_CS_A,KMEANS_CS_B,KMEANS_CS_C,KMEANS_SQ_A,KMEANS_SQ_B,KMEANS_SQ_C,NET_A,NET_B,NET_C
0.0329218106995885,0.102880658436214,0.864197530864197,0.814814814814815,0.0946502057613169,0.0905349794238683,0.267489711934156,0.0987654320987654,0.633744855967078,0.62962962962963,0.267489711934156,0.102880658436214,0.888888888888889,0.00411522633744856,0.106995884773663,0.888888888888889,0.106995884773663,0.00411522633744856
0.224137931034483,0.241379310344828,0.53448275862069,0.258620689655172,0.327586206896552,0.413793103448276,0.948275862068966,0,0.0517241379310345,0.0517241379310345,0.931034482758621,0.0172413793103448,0.672413793103448,0,0.327586206896552,0.672413793103448,0.327586206896552,0
0.142857142857143,0.357142857142857,0.5,0.142857142857143,0.357142857142857,0.5,1,0,0,0,1,0,0.642857142857143,0,0.357142857142857,0.642857142857143,0.357142857142857,0
25,25,0.258100373681472,25,25,0.547467007237122,25,25,0.0891632373113853,25,25,0.520221370796084,25,25,0.415343915343915,25,25,0.405491698595147
