CMEANS_P,CMEANS_N,CMEANS_1ACC_P,CMEANS_1ACC_N,KMEANS_CB_P,KMEANS_CB_N,KMEANS_CB_P_1ACC,KMEANS_CB_N_1ACC,KMEANS_CS_P,KMEANS_CS_N,KMEANS_CS_P_1ACC,KMEANS_CS_N_1ACC,KMEANS_CR_P,KMEANS_CR_N,KMEANS_CR_P_1ACC,KMEANS_CR_N_1ACC,KMEANS_SQ_P,KMEANS_SQ_N,KMEANS_SQ_P_1ACC,KMEANS_SQ_N_1ACC,NET_P,NET_N,NET_P_1ACC,NET_N_1ACC
0.607361963190184,0.507936507936508,0.607361963190184,0.507936507936508,0.607361963190184,0.396825396825397,0.515337423312883,0.206349206349206,0.595092024539877,0.444444444444444,0.644736842105263,0.553846153846154,0.576687116564417,0.365079365079365,0.616822429906542,0.597402597402597,0.345549738219895,0.328125,0.680645161290323,0.653061224489796,0.674846625766871,0.634920634920635,0.613496932515337,0.53968253968254
0.392638036809816,0.492063492063492,0.392638036809816,0.492063492063492,0.392638036809816,0.603174603174603,0.484662576687117,0.793650793650794,0.404907975460123,0.555555555555556,0.355263157894737,0.446153846153846,0.423312883435583,0.634920634920635,0.383177570093458,0.402597402597403,0.654450261780105,0.671875,0.319354838709677,0.346938775510204,0.325153374233129,0.365079365079365,0.386503067484663,0.46031746031746
17,17,17,17,17,17,17,17,17,17,7,17,17,17,13,17,15,17,9,11,17,17,17,17
