CMEANS_P,CMEANS_N,KMEANS_CB_P,KMEANS_CB_N,KMEANS_CS_P,KMEANS_CS_N,KMEANS_CR_P,KMEANS_CR_N,KMEANS_SQ_P,KMEANS_SQ_N,NET_P,NET_N
121,339,315,145,324,136,324,136,339,121,339,121
0,0,0,0,0,0,0,0,0,0,0,0
18,17,18,17,18,17,18,17,18,17,18,17
121,0.26304347826087,315,0.684782608695652,324,0.704347826086957,324,0.704347826086957,339,0.73695652173913,339,0.73695652173913
