CMEANS_P,CMEANS_N,CMEANS_1ACC_P,CMEANS_1ACC_N,KMEANS_CB_P,KMEANS_CB_N,KMEANS_CB_P_1ACC,KMEANS_CB_N_1ACC,KMEANS_CS_P,KMEANS_CS_N,KMEANS_CS_P_1ACC,KMEANS_CS_N_1ACC,KMEANS_CR_P,KMEANS_CR_N,KMEANS_CR_P_1ACC,KMEANS_CR_N_1ACC,KMEANS_SQ_P,KMEANS_SQ_N,KMEANS_SQ_P_1ACC,KMEANS_SQ_N_1ACC,NET_P,NET_N,NET_P_1ACC,NET_N_1ACC
0.384180790960452,0.359375,0.384180790960452,0.359375,0.628571428571429,0.625,0.603174603174603,0.517857142857143,0.390663390663391,0.385714285714286,0.630434782608696,0.57088122605364,0.619047619047619,0.607142857142857,0.612698412698413,0.571428571428571,0.365079365079365,0.339285714285714,0.604422604422604,0.585714285714286,0.875482286916871,0.873804971319312,0.628571428571429,0.625
0.615819209039548,0.640625,0.615819209039548,0.640625,0.371428571428571,0.375,0.396825396825397,0.482142857142857,0.609336609336609,0.614285714285714,0.369565217391304,0.42911877394636,0.380952380952381,0.392857142857143,0.387301587301587,0.428571428571429,0.634920634920635,0.660714285714286,0.395577395577396,0.414285714285714,0.124517713083129,0.126195028680688,0.371428571428571,0.375
15,17,15,17,17,17,17,17,13,17,3,17,17,17,17,17,17,17,13,17,1,17,17,17
