CMEANS_P,CMEANS_N,CMEANS_1ACC_P,CMEANS_1ACC_N,KMEANS_CB_P,KMEANS_CB_N,KMEANS_CB_P_1ACC,KMEANS_CB_N_1ACC,KMEANS_CS_P,KMEANS_CS_N,KMEANS_CS_P_1ACC,KMEANS_CS_N_1ACC,KMEANS_CR_P,KMEANS_CR_N,KMEANS_CR_P_1ACC,KMEANS_CR_N_1ACC,KMEANS_SQ_P,KMEANS_SQ_N,KMEANS_SQ_P_1ACC,KMEANS_SQ_N_1ACC,NET_P,NET_N,NET_P_1ACC,NET_N_1ACC
0.971887550200803,0.754716981132076,0.971887550200803,0.754716981132076,0.890997352162401,0.696098562628337,0,0,0.827309236947791,0.490566037735849,0.967871485943775,0.735849056603774,0.827309236947791,0.490566037735849,0.967871485943775,0.735849056603774,0.889679715302491,0.616666666666667,0.975903614457831,0.773584905660377,0.911646586345382,0.773584905660377,0.975903614457831,0.773584905660377
0.0281124497991968,0.245283018867925,0.0281124497991968,0.245283018867925,0.109002647837599,0.303901437371663,0,0,0.172690763052209,0.509433962264151,0.0321285140562249,0.264150943396226,0.172690763052209,0.509433962264151,0.0321285140562249,0.264150943396226,0.110320284697509,0.383333333333333,0.0240963855421687,0.226415094339623,0.0883534136546185,0.226415094339623,0.0240963855421687,0.226415094339623
17,17,17,17,1,17,0,0,17,17,17,17,17,17,17,17,15,17,17,17,17,17,17,17
