CMEANS_P,CMEANS_N,KMEANS_CB_P,KMEANS_CB_N,KMEANS_CS_P,KMEANS_CS_N,KMEANS_CR_P,KMEANS_CR_N,KMEANS_SQ_P,KMEANS_SQ_N,NET_P,NET_N
59,67,69,57,66,60,60,66,58,68,59,67
32,13,16,29,12,33,33,12,32,13,32,13
18,17,18,17,18,17,18,17,18,17,18,17
72,0.421052631578947,98,0.573099415204678,99,0.578947368421053,72,0.421052631578947,71,0.415204678362573,72,0.421052631578947
