CMEANS_P,CMEANS_N,CMEANS_1ACC_P,CMEANS_1ACC_N,KMEANS_CB_P,KMEANS_CB_N,KMEANS_CB_P_1ACC,KMEANS_CB_N_1ACC,KMEANS_CS_P,KMEANS_CS_N,KMEANS_CS_P_1ACC,KMEANS_CS_N_1ACC,KMEANS_CR_P,KMEANS_CR_N,KMEANS_CR_P_1ACC,KMEANS_CR_N_1ACC,KMEANS_SQ_P,KMEANS_SQ_N,KMEANS_SQ_P_1ACC,KMEANS_SQ_N_1ACC,NET_P,NET_N,NET_P_1ACC,NET_N_1ACC
0.358333333333333,0.318181818181818,0.358333333333333,0.318181818181818,0.566666666666667,0.363636363636364,0.622222222222222,0.54,0.516666666666667,0.318181818181818,0.992592592592593,0.98,0,0,0.80365296803653,0.766233766233766,0,0,0.773480662983425,0.769230769230769,0,0,0.780821917808219,0.753246753246753
0.641666666666667,0.681818181818182,0.641666666666667,0.681818181818182,0.433333333333333,0.636363636363636,0.377777777777778,0.46,0.483333333333333,0.681818181818182,0.00740740740740741,0.02,0,0,0.19634703196347,0.233766233766234,0,0,0.226519337016575,0.230769230769231,0,0,0.219178082191781,0.246753246753247
17,17,17,17,17,17,15,17,17,17,15,17,0,0,9,17,0,0,11,17,0,0,9,17
