CMEANS_A,CMEANS_B,CMEANS_C,KMEANS_CB_A,KMEANS_CB_B,KMEANS_CB_C,KMEANS_CR_A,KMEANS_CR_B,KMEANS_CR_C,KMEANS_CS_A,KMEANS_CS_B,KMEANS_CS_C,KMEANS_SQ_A,KMEANS_SQ_B,KMEANS_SQ_C,NET_A,NET_B,NET_C
0.122222222222222,0.416666666666667,0.461111111111111,0.41304347826087,0.195652173913043,0.391304347826087,0.639705882352941,0.213235294117647,0.147058823529412,0,0.342007434944238,0.657992565055762,0.576208178438662,0,0.423791821561338,0.45,0.433333333333333,0.116666666666667
0.101449275362319,0.623188405797101,0.27536231884058,0.58,0.14,0.28,0.46,0.52,0.02,0.0099009900990099,0.475247524752475,0.514851485148515,0.714285714285714,0,0.285714285714286,0.638297872340426,0.25531914893617,0.106382978723404
0,0.285714285714286,0.714285714285714,0,0.25,0.75,0.833333333333333,0,0.166666666666667,0,0.230769230769231,0.769230769230769,0.357142857142857,0.0357142857142857,0.607142857142857,0.25,0.25,0.5
10,25,0.486565447435012,4,25,0.434347826086957,1,22,0.442124183006536,13,22,0.414826097994415,4,7,0.39445034519384,1,25,0.40177304964539
