CMEANS_A,CMEANS_B,CMEANS_C,KMEANS_CB_A,KMEANS_CB_B,KMEANS_CB_C,KMEANS_CR_A,KMEANS_CR_B,KMEANS_CR_C,KMEANS_CS_A,KMEANS_CS_B,KMEANS_CS_C,KMEANS_SQ_A,KMEANS_SQ_B,KMEANS_SQ_C,NET_A,NET_B,NET_C
0.441666666666667,0.116666666666667,0.441666666666667,0.416666666666667,0.133333333333333,0.45,0.666666666666667,0.225,0.108333333333333,0.308333333333333,0.591666666666667,0.1,0.458333333333333,0.441666666666667,0.1,0.45,0.433333333333333,0.116666666666667
0.25531914893617,0.106382978723404,0.638297872340426,0.595744680851064,0.127659574468085,0.276595744680851,0.553191489361702,0.446808510638298,0,0.25531914893617,0.319148936170213,0.425531914893617,0.659574468085106,0.234042553191489,0.106382978723404,0.638297872340426,0.25531914893617,0.106382978723404
0.25,0.5,0.25,0.25,0.5,0.25,1,0,0,0,0.75,0.25,0.25,0.5,0.25,0.25,0.25,0.5
25,25,0.266016548463357,25,25,0.264775413711584,25,25,0.371158392434988,25,25,0.292494089834515,25,25,0.314125295508274,25,25,0.40177304964539
