CMEANS_P,CMEANS_N,CMEANS_1ACC_P,CMEANS_1ACC_N,KMEANS_CB_P,KMEANS_CB_N,KMEANS_CB_P_1ACC,KMEANS_CB_N_1ACC,KMEANS_CS_P,KMEANS_CS_N,KMEANS_CS_P_1ACC,KMEANS_CS_N_1ACC,KMEANS_CR_P,KMEANS_CR_N,KMEANS_CR_P_1ACC,KMEANS_CR_N_1ACC,KMEANS_SQ_P,KMEANS_SQ_N,KMEANS_SQ_P_1ACC,KMEANS_SQ_N_1ACC,NET_P,NET_N,NET_P_1ACC,NET_N_1ACC
0.373493975903614,0.153846153846154,0.373493975903614,0.153846153846154,0.404255319148936,0.0666666666666667,0.645645645645646,0.62962962962963,0,0,0.337837837837838,0,0.368815592203898,0.0555555555555556,0.337837837837838,0,0.459459459459459,0.181818181818182,0.619402985074627,0.6,0.459459459459459,0.181818181818182,0,0
0.626506024096386,0.846153846153846,0.626506024096386,0.846153846153846,0.595744680851064,0.933333333333333,0.354354354354354,0.37037037037037,0,0,0.662162162162162,1,0.631184407796102,0.944444444444444,0.662162162162162,1,0.540540540540541,0.818181818181818,0.380597014925373,0.4,0.540540540540541,0.818181818181818,0,0
15,17,15,17,13,17,3,3,0,0,17,17,1,7,17,17,17,17,9,9,17,17,0,0
