CMEANS_A,CMEANS_B,CMEANS_C,KMEANS_CB_A,KMEANS_CB_B,KMEANS_CB_C,KMEANS_CR_A,KMEANS_CR_B,KMEANS_CR_C,KMEANS_CS_A,KMEANS_CS_B,KMEANS_CS_C,KMEANS_SQ_A,KMEANS_SQ_B,KMEANS_SQ_C,NET_A,NET_B,NET_C
0.0208333333333333,0.0916666666666667,0.8875,0.829166666666667,0.0833333333333333,0.0875,0.0708333333333333,0.108333333333333,0.820833333333333,0.820833333333333,0.108333333333333,0.0708333333333333,0.891666666666667,0.00416666666666667,0.104166666666667,0.891666666666667,0.104166666666667,0.00416666666666667
0.155172413793103,0.258620689655172,0.586206896551724,0.241379310344828,0.310344827586207,0.448275862068966,0.396551724137931,0.327586206896552,0.275862068965517,0.275862068965517,0.327586206896552,0.396551724137931,0.655172413793103,0,0.344827586206897,0.655172413793103,0.344827586206897,0
0.117647058823529,0.411764705882353,0.470588235294118,0.235294117647059,0.411764705882353,0.352941176470588,0.352941176470588,0.411764705882353,0.235294117647059,0.235294117647059,0.411764705882353,0.352941176470588,0.588235294117647,0,0.411764705882353,0.588235294117647,0.411764705882353,0
25,25,0.250014086094208,25,25,0.497484223574487,25,25,0.211237885958981,25,25,0.500453572233491,25,25,0.434477124183007,25,25,0.412164750957855
