CMEANS_A,CMEANS_B,CMEANS_C,KMEANS_CB_A,KMEANS_CB_B,KMEANS_CB_C,KMEANS_CR_A,KMEANS_CR_B,KMEANS_CR_C,KMEANS_CS_A,KMEANS_CS_B,KMEANS_CS_C,KMEANS_SQ_A,KMEANS_SQ_B,KMEANS_SQ_C,NET_A,NET_B,NET_C
0,0,0,0.817829457364341,0.0852713178294574,0.0968992248062016,0.828985507246377,0.072463768115942,0.0985507246376812,0.798283261802575,0.0901287553648069,0.111587982832618,0,0,0,0,0,0
0,0,0,0.229508196721311,0.360655737704918,0.409836065573771,0.283950617283951,0.382716049382716,0.333333333333333,0.196428571428571,0.446428571428571,0.357142857142857,0,0,0,0,0,0
0,0,0,0.318181818181818,0.272727272727273,0.409090909090909,0.25,0.214285714285714,0.535714285714286,0.307692307692308,0.307692307692308,0.384615384615385,0,0,0,0,0,0
0,0,0,22,25,0.529192034720056,16,25,0.582471947447793,25,25,0.54310907261551,0,0,0,0,0,0
