CMEANS_A,CMEANS_B,CMEANS_C,KMEANS_CB_A,KMEANS_CB_B,KMEANS_CB_C,KMEANS_CR_A,KMEANS_CR_B,KMEANS_CR_C,KMEANS_CS_A,KMEANS_CS_B,KMEANS_CS_C,KMEANS_SQ_A,KMEANS_SQ_B,KMEANS_SQ_C,NET_A,NET_B,NET_C
0.107296137339056,0.0300429184549356,0.862660944206009,0.815450643776824,0.0729613733905579,0.111587982832618,0.0944206008583691,0.11587982832618,0.789699570815451,0.798283261802575,0.0901287553648069,0.111587982832618,0.88412017167382,0.00429184549356223,0.111587982832618,0.88412017167382,0.111587982832618,0.00429184549356223
0.285714285714286,0.142857142857143,0.571428571428571,0.196428571428571,0.267857142857143,0.535714285714286,0.392857142857143,0.428571428571429,0.178571428571429,0.196428571428571,0.446428571428571,0.357142857142857,0.642857142857143,0,0.357142857142857,0.642857142857143,0.357142857142857,0
0.307692307692308,0.153846153846154,0.538461538461538,0.384615384615385,0.384615384615385,0.230769230769231,0.384615384615385,0.461538461538462,0.153846153846154,0.307692307692308,0.307692307692308,0.384615384615385,0.615384615384615,0,0.384615384615385,0.615384615384615,0.384615384615385,0
25,25,0.262871606219246,25,25,0.438025672467733,25,25,0.225612727758651,25,25,0.54310907261551,25,25,0.422911852096402,25,25,0.413754342938892
