CMEANS_P,CMEANS_N,KMEANS_CB_P,KMEANS_CB_N,KMEANS_CS_P,KMEANS_CS_N,KMEANS_CR_P,KMEANS_CR_N,KMEANS_SQ_P,KMEANS_SQ_N,NET_P,NET_N
111,115,82,63,701,435,700,436,1133,1,745,393
22,59,15,32,154,249,154,249,403,0,313,87
5,13,3,17,1,1,1,1,5,5,3,3
0.491150442477876,0.728395061728395,0.56551724137931,0.680851063829787,0.617077464788732,0.617866004962779,0.616197183098592,0.617866004962779,0.999118165784832,0,0.654657293497364,0.2175
