CMEANS_P,CMEANS_N,KMEANS_CB_P,KMEANS_CB_N,KMEANS_CS_P,KMEANS_CS_N,KMEANS_CR_P,KMEANS_CR_N,KMEANS_SQ_P,KMEANS_SQ_N,NET_P,NET_N
35,40,34,41,49,26,49,26,40,35,38,37
12,1,0,13,13,0,13,0,1,12,1,12
18,17,18,17,18,17,18,17,18,17,18,17
36,0.409090909090909,47,0.534090909090909,49,0.556818181818182,49,0.556818181818182,52,0.590909090909091,50,0.568181818181818
