CMEANS_P,CMEANS_N,KMEANS_CB_P,KMEANS_CB_N,KMEANS_CS_P,KMEANS_CS_N,KMEANS_CR_P,KMEANS_CR_N,KMEANS_SQ_P,KMEANS_SQ_N,NET_P,NET_N
0.459459459459459,0.181818181818182,0.404255319148936,0.0666666666666667,0,0,0.368815592203898,0.0555555555555556,0.459459459459459,0.181818181818182,0.459459459459459,0.181818181818182
0.540540540540541,0.818181818181818,0.595744680851064,0.933333333333333,0,0,0.631184407796102,0.944444444444444,0.540540540540541,0.818181818181818,0.540540540540541,0.818181818181818
17,17,13,17,0,0,1,7,17,17,17,17
