CMEANS_P,CMEANS_N,KMEANS_CB_P,KMEANS_CB_N,KMEANS_CS_P,KMEANS_CS_N,KMEANS_CR_P,KMEANS_CR_N,KMEANS_SQ_P,KMEANS_SQ_N,NET_P,NET_N
34,40,43,31,46,28,46,28,34,40,34,40
2,9,9,2,11,0,11,0,2,9,2,9
17,18,17,18,17,18,17,18,17,18,17,18
43,0.505882352941176,45,0.529411764705882,46,0.541176470588235,46,0.541176470588235,43,0.505882352941176,43,0.505882352941176
