CMEANS_P,CMEANS_N,CMEANS_1ACC_P,CMEANS_1ACC_N,KMEANS_CB_P,KMEANS_CB_N,KMEANS_CB_P_1ACC,KMEANS_CB_N_1ACC,KMEANS_CS_P,KMEANS_CS_N,KMEANS_CS_P_1ACC,KMEANS_CS_N_1ACC,KMEANS_CR_P,KMEANS_CR_N,KMEANS_CR_P_1ACC,KMEANS_CR_N_1ACC,KMEANS_SQ_P,KMEANS_SQ_N,KMEANS_SQ_P_1ACC,KMEANS_SQ_N_1ACC,NET_P,NET_N,NET_P_1ACC,NET_N_1ACC
0.635983263598326,0.375,0.635983263598326,0.375,0.397489539748954,0.375,0.326359832635983,0.25,0.987215909090909,0.973684210526316,0.990543735224586,0.833333333333333,0.552556818181818,0.368421052631579,0.0209205020920502,0,0,0,0.6996699669967,0.466666666666667,0,0,0.803347280334728,0.75
0.364016736401674,0.625,0.364016736401674,0.625,0.602510460251046,0.625,0.673640167364017,0.75,0.0127840909090909,0.0263157894736842,0.00945626477541371,0.166666666666667,0.447443181818182,0.631578947368421,0.97907949790795,1,0,0,0.3003300330033,0.533333333333333,0,0,0.196652719665272,0.25
17,17,17,17,17,17,17,17,5,11,9,17,5,17,17,17,0,0,13,17,0,0,17,17
