CMEANS_A,CMEANS_B,CMEANS_C,CMEANS_1ACC_A,CMEANS_1ACC_B,CMEANS_1ACC_C,KMEANS_CB_A,KMEANS_CB_B,KMEANS_CB_C,KMEANS_CB_A_1ACC,KMEANS_CB_B_1ACC,KMEANS_CB_C_1ACC,KMEANS_CS_A,KMEANS_CS_B,KMEANS_CS_C,KMEANS_CS_A_1ACC,KMEANS_CS_B_1ACC,KMEANS_CS_C_1ACC,KMEANS_CR_A,KMEANS_CR_B,KMEANS_CR_C,KMEANS_CR_A_1ACC,KMEANS_CR_B_1ACC,KMEANS_CR_C_1ACC,KMEANS_SQ_A,KMEANS_SQ_B,KMEANS_SQ_C,KMEANS_SQ_A_1ACC,KMEANS_SQ_B_1ACC,KMEANS_SQ_C_1ACC,NET_A,NET_B,NET_C,NET_A_1ACC,NET_B_1ACC,NET_C_1ACC
0,0,0,0.50530035335689,0.137809187279152,0.356890459363958,0,0,0,0.542569659442725,0.178405572755418,0.279024767801858,0.534829721362229,0.222523219814241,0.242647058823529,0.509433962264151,0.138364779874214,0.352201257861635,0,0,0,0.527301092043682,0.154446177847114,0.318252730109204,0,0,0,0.508833922261484,0.120141342756184,0.371024734982332,0,0,0,0,0,0
0,0,0,0.117647058823529,0.470588235294118,0.411764705882353,0,0,0,0.251612903225806,0.451612903225806,0.296774193548387,0.27741935483871,0.432258064516129,0.290322580645161,0.235294117647059,0.588235294117647,0.176470588235294,0,0,0,0.162162162162162,0.459459459459459,0.378378378378378,0,0,0,0.117647058823529,0.352941176470588,0.529411764705882,0,0,0,0,0,0
0,0,0,0.111111111111111,0.222222222222222,0.666666666666667,0,0,0,0.136986301369863,0.301369863013699,0.561643835616438,0.0958904109589041,0.342465753424658,0.561643835616438,0.153846153846154,0.153846153846154,0.692307692307692,0,0,0,0.105263157894737,0.157894736842105,0.736842105263158,0,0,0,0.111111111111111,0.111111111111111,0.777777777777778,0,0,0,0,0,0
0,0,0,25,25,0.547518418439225,0,0,0,1,16,0.518608799428323,1,13,0.509577207164932,22,25,0.596658982896497,0,0,0,10,25,0.5745342189221,0,0,0,25,25,0.546517625503283,0,0,0,0,0,0
