PPNP_cos,PNNN_cos,PPNP_corr,PNNN_corr,PPNP_city,PNNN_city,PPNP_sq,PNNN_sq,PPNP_net,PNNN_net,PPNP_cme,PNNN_cme
0.8,0.555555555555556,0.9,0.555555555555556,0,0.444444444444444,0.2,0.444444444444444,0.3,0.444444444444444,0.9,0.555555555555556
0.2,0.444444444444444,0.1,0.444444444444444,1,0.555555555555556,0.8,0.555555555555556,0.7,0.111111111111111,0.1,0.444444444444444
