PPNP_cos,PNNN_cos,PPNP_corr,PNNN_corr,PPNP_city,PNNN_city,PPNP_sq,PNNN_sq,PPNP_net,PNNN_net,PPNP_cme,PNNN_cme
0.5,0.604651162790698,0.5,0.604651162790698,0.431818181818182,0.348837209302326,0.75,0.744186046511628,0.113636363636364,0.0930232558139535,0.727272727272727,0.720930232558139
0.5,0.395348837209302,0.5,0.395348837209302,0.568181818181818,0.651162790697674,0.25,0.255813953488372,0.363636363636364,0.255813953488372,0.272727272727273,0.27906976744186
