PPNP_cos,PNNN_cos,PPNP_corr,PNNN_corr,PPNP_city,PNNN_city,PPNP_sq,PNNN_sq,PPNP_net,PNNN_net,PPNP_cme,PNNN_cme
0.609756097560976,0.375,0.609756097560976,0.375,0.560975609756098,0.375,0.560975609756098,0.325,0.365853658536585,0.575,0.439024390243902,0.675
0.390243902439024,0.625,0.390243902439024,0.625,0.439024390243902,0.625,0.439024390243902,0.675,0.341463414634146,0.3,0.560975609756098,0.325
