PPNP_cos,PNNN_cos,PPNP_corr,PNNN_corr,PPNP_city,PNNN_city,PPNP_sq,PNNN_sq,PPNP_net,PNNN_net,PPNP_cme,PNNN_cme
0.631578947368421,0.611111111111111,0.368421052631579,0.388888888888889,0.421052631578947,0.333333333333333,1,0.888888888888889,0,0.0555555555555556,0.526315789473684,0.388888888888889
0.368421052631579,0.388888888888889,0.631578947368421,0.611111111111111,0.578947368421053,0.666666666666667,0,0.111111111111111,0.526315789473684,0.555555555555556,0.473684210526316,0.611111111111111
