cos_A,cos_B,cos_C,corr_A,corr_B,corr_C,city_A,city_B,city_C,sq_A,sq_B,sq_C,net_A,net_B,net_C,cme_A,cme_B,cme_C
0,0.111111111111111,0.222222222222222,0.473684210526316,0.5,0.5,0.526315789473684,0.388888888888889,0.444444444444444,0.526315789473684,0.388888888888889,0.444444444444444,0,0.111111111111111,0.166666666666667,0.526315789473684,0.555555555555556,0.333333333333333
0.421052631578947,0.388888888888889,0.444444444444444,0.315789473684211,0.333333333333333,0.277777777777778,0.473684210526316,0.555555555555556,0.555555555555556,0,0.0555555555555556,0,0.526315789473684,0.555555555555556,0.388888888888889,0.473684210526316,0.333333333333333,0.444444444444444
0.578947368421053,0.5,0.333333333333333,0.210526315789474,0.166666666666667,0.222222222222222,0,0.0555555555555556,0,0.473684210526316,0.555555555555556,0.555555555555556,0.473684210526316,0.333333333333333,0.444444444444444,0,0.111111111111111,0.222222222222222
