cos_A,cos_B,cos_C,corr_A,corr_B,corr_C,city_A,city_B,city_C,sq_A,sq_B,sq_C,net_A,net_B,net_C,cme_A,cme_B,cme_C
0.333333333333333,0.333333333333333,0,0.555555555555556,0.222222222222222,0.666666666666667,0.222222222222222,0,0.555555555555556,0.111111111111111,0.444444444444444,0.444444444444444,0.333333333333333,0.333333333333333,0,0.444444444444444,0.111111111111111,0.666666666666667
0.555555555555556,0.222222222222222,0.666666666666667,0.111111111111111,0.444444444444444,0.333333333333333,0.111111111111111,0.444444444444444,0.222222222222222,0.333333333333333,0.333333333333333,0,0.555555555555556,0.222222222222222,0.666666666666667,0.111111111111111,0.444444444444444,0.222222222222222
0.111111111111111,0.444444444444444,0.333333333333333,0.333333333333333,0.333333333333333,0,0.666666666666667,0.555555555555556,0.222222222222222,0.555555555555556,0.222222222222222,0.555555555555556,0.111111111111111,0.444444444444444,0.333333333333333,0.444444444444444,0.444444444444444,0.111111111111111
