cos_A,cos_B,cos_C,corr_A,corr_B,corr_C,city_A,city_B,city_C,sq_A,sq_B,sq_C,net_A,net_B,net_C,cme_A,cme_B,cme_C
0.263157894736842,0.302325581395349,0.232558139534884,0.473684210526316,0.418604651162791,0.348837209302326,0.236842105263158,0.27906976744186,0.395348837209302,0.657894736842105,0.651162790697674,0.534883720930233,0.657894736842105,0.651162790697674,0.534883720930233,0.315789473684211,0.255813953488372,0.418604651162791
0.315789473684211,0.302325581395349,0.441860465116279,0.289473684210526,0.325581395348837,0.302325581395349,0.236842105263158,0.255813953488372,0.232558139534884,0.0526315789473684,0.0930232558139535,0.116279069767442,0.289473684210526,0.255813953488372,0.348837209302326,0.631578947368421,0.651162790697674,0.465116279069767
0.421052631578947,0.395348837209302,0.325581395348837,0.236842105263158,0.255813953488372,0.348837209302326,0.526315789473684,0.465116279069767,0.372093023255814,0.289473684210526,0.255813953488372,0.348837209302326,0.0526315789473684,0.0930232558139535,0.116279069767442,0.0526315789473684,0.0930232558139535,0.116279069767442
