cos_A,cos_B,cos_C,corr_A,corr_B,corr_C,city_A,city_B,city_C,sq_A,sq_B,sq_C,net_A,net_B,net_C,cme_A,cme_B,cme_C
0.171428571428571,0.15,0.4,0.257142857142857,0.175,0.45,0.371428571428571,0.325,0.275,0.171428571428571,0.075,0.35,0.428571428571429,0.575,0.325,0.428571428571429,0.575,0.325
0.371428571428571,0.45,0.275,0.342857142857143,0.325,0.225,0.428571428571429,0.575,0.375,0.428571428571429,0.575,0.325,0.4,0.325,0.325,0.171428571428571,0.1,0.35
0.457142857142857,0.4,0.325,0.4,0.5,0.325,0.2,0.1,0.35,0.4,0.35,0.325,0.171428571428571,0.1,0.35,0.4,0.325,0.325
