nMATCH,nETICHETTE_SBAGLIATE,RATE,nALGO
5,401,0.0124688279301746,1
31,336,0.0922619047619048,2
18,66,0.272727272727273,3
0,46,0,4
36,691,0.0520984081041968,5
36,691,0.0520984081041968,6
