nMATCH,nETICHETTE_SBAGLIATE,RATE,nALGO
37,180,0.205555555555556,1
61,222,0.274774774774775,2
0,139,0,3
0,141,0,4
1,140,0.00714285714285714,5
0,141,0,6
