nMATCH,nETICHETTE_SBAGLIATE,RATE_3,RATE_32,RATE_41,nALGO
5,401,0.0124688279301746,0.0498753117206983,0.937655860349127,1
31,336,0.0922619047619048,0.0803571428571429,0.827380952380952,2
17,315,0.053968253968254,0.0666666666666667,0.879365079365079,3
12,296,0.0405405405405405,0.0878378378378378,0.871621621621622,4
12,297,0.0404040404040404,0.0875420875420875,0.872053872053872,5
12,299,0.040133779264214,0.0869565217391304,0.872909698996655,6
