nMATCH,nETICHETTE_SBAGLIATE,RATE_3,RATE_32,RATE_41,nALGO
14,118,0.11864406779661,0.88135593220339,0,1
14,118,0.11864406779661,0.88135593220339,0,2
14,118,0.11864406779661,0.88135593220339,0,3
14,118,0.11864406779661,0.88135593220339,0,4
14,282,0.049645390070922,0,0.950354609929078,5
17,172,0.0988372093023256,0.174418604651163,0.726744186046512,6
