nMATCH,nETICHETTE_SBAGLIATE,RATE,nALGO
8,39,0.205128205128205,1
0,93,0,2
11,105,0.104761904761905,3
0,32,0,4
17,178,0.0955056179775281,5
17,178,0.0955056179775281,6
