nMATCH,nETICHETTE_SBAGLIATE,RATE_3,RATE_32,RATE_41,nALGO
8,39,0.205128205128205,0.794871794871795,0,1
0,93,0,0.301075268817204,0.698924731182796,2
11,105,0.104761904761905,0.0380952380952381,0.857142857142857,3
7,82,0.0853658536585366,0.109756097560976,0.804878048780488,4
7,83,0.0843373493975904,0.108433734939759,0.807228915662651,5
7,82,0.0853658536585366,0.109756097560976,0.804878048780488,6
