CMEANS_P,CMEANS_N,KMEANS_CB_P,KMEANS_CB_N,KMEANS_CS_P,KMEANS_CS_N,KMEANS_CR_P,KMEANS_CR_N,KMEANS_SQ_P,KMEANS_SQ_N,NET_P,NET_N
136,171,140,167,182,125,306,1,171,136,171,136
5,10,8,7,8,7,15,0,10,5,10,5
18,17,18,17,18,17,18,17,18,17,18,17
0.44299674267101,0.666666666666667,0.456026058631922,0.466666666666667,0.592833876221498,0.466666666666667,0.996742671009772,0,0.55700325732899,0.333333333333333,0.55700325732899,0.333333333333333
