CMEANS_P,CMEANS_N,KMEANS_CB_P,KMEANS_CB_N,KMEANS_CS_P,KMEANS_CS_N,KMEANS_CR_P,KMEANS_CR_N,KMEANS_SQ_P,KMEANS_SQ_N,NET_P,NET_N
173,223,189,207,227,169,325,229,321,226,1680,1062
5,13,6,12,9,9,12,13,18,14,91,64
1,13,1,13,1,13,7,15,1,9,5,5
0.436868686868687,0.722222222222222,0.477272727272727,0.666666666666667,0.573232323232323,0.5,0.586642599277978,0.52,0.586837294332724,0.4375,0.612691466083151,0.412903225806452
