CMEANS_A,CMEANS_B,CMEANS_C,KMEANS_CB_A,KMEANS_CB_B,KMEANS_CB_C,KMEANS_CR_A,KMEANS_CR_B,KMEANS_CR_C,KMEANS_CS_A,KMEANS_CS_B,KMEANS_CS_C,KMEANS_SQ_A,KMEANS_SQ_B,KMEANS_SQ_C,NET_A,NET_B,NET_C
0.426605504587156,0.206422018348624,0.36697247706422,0.263636363636364,0.345454545454545,0.390909090909091,0.272445820433437,0.724458204334365,0.00309597523219814,0.303076923076923,0.695384615384615,0.00153846153846154,0.441860465116279,0.217054263565891,0.341085271317829,0.425925925925926,0.314814814814815,0.259259259259259
0.0285714285714286,0.714285714285714,0.257142857142857,0.117647058823529,0.882352941176471,0,0,1,0,0.00909090909090909,0.990909090909091,0,0.0476190476190476,0.714285714285714,0.238095238095238,0.0526315789473684,0.263157894736842,0.684210526315789
0,0.153846153846154,0.846153846153846,0.8,0.2,0,0,1,0,0,1,0,0,0,1,0,0.333333333333333,0.666666666666667
4,10,0.662348355008905,10,25,0.381996434937612,10,13,0.424148606811146,4,4,0.431328671328671,7,19,0.718715393133998,1,16,0.451916829109812
