CMEANS_A,CMEANS_B,CMEANS_C,KMEANS_CB_A,KMEANS_CB_B,KMEANS_CB_C,KMEANS_CR_A,KMEANS_CR_B,KMEANS_CR_C,KMEANS_CS_A,KMEANS_CS_B,KMEANS_CS_C,KMEANS_SQ_A,KMEANS_SQ_B,KMEANS_SQ_C,NET_A,NET_B,NET_C
0.253521126760563,0.338028169014085,0.408450704225352,0.295774647887324,0.338028169014085,0.366197183098592,0.126760563380282,0.633802816901408,0.23943661971831,0.746478873239437,0.225352112676056,0.028169014084507,0.422535211267606,0.225352112676056,0.352112676056338,0.422535211267606,0.338028169014085,0.23943661971831
0.692307692307692,0.307692307692308,0,0.307692307692308,0.692307692307692,0,0.538461538461538,0.461538461538462,0,1,0,0,0,0.692307692307692,0.307692307692308,0,0.307692307692308,0.692307692307692
0,1,0,0.75,0.25,0,0.25,0.75,0,1,0,0,0,0,1,0,1,0
25,25,0.187071144817624,25,25,0.329360780065005,25,25,0.196099674972915,25,25,0.248826291079812,25,25,0.704947634525099,25,25,0.243409172986638
