nMATCH,nETICHETTE_SBAGLIATE,RATE_3,RATE_32,RATE_41,nALGO
11,394,0.0279187817258883,0.0583756345177665,0.913705583756345,1
25,341,0.0733137829912024,0.0703812316715543,0.856304985337243,2
28,336,0.0833333333333333,0.0625,0.854166666666667,3
22,314,0.0700636942675159,0.0828025477707006,0.847133757961783,4
22,310,0.0709677419354839,0.0870967741935484,0.841935483870968,5
22,314,0.0700636942675159,0.0828025477707006,0.847133757961783,6
