nMATCH,nETICHETTE_SBAGLIATE,RATE_3,RATE_32,RATE_41,nALGO
7,365,0.0191780821917808,0.0684931506849315,0.912328767123288,1
28,371,0.0754716981132075,0.0592991913746631,0.865229110512129,2
31,364,0.0851648351648352,0.0549450549450549,0.85989010989011,3
27,344,0.0784883720930233,0.0668604651162791,0.854651162790698,4
27,344,0.0784883720930233,0.0668604651162791,0.854651162790698,5
27,344,0.0784883720930233,0.0668604651162791,0.854651162790698,6
