nMATCH,nETICHETTE_SBAGLIATE,RATE_3,RATE_32,RATE_41,nALGO
7,383,0.0182767624020888,0.0600522193211488,0.921671018276762,1
29,354,0.0819209039548023,0.0677966101694915,0.850282485875706,2
31,342,0.0906432748538012,0.0555555555555556,0.853801169590643,3
29,322,0.0900621118012422,0.0807453416149068,0.829192546583851,4
29,316,0.0917721518987342,0.0822784810126582,0.825949367088608,5
29,323,0.0897832817337461,0.0804953560371517,0.829721362229102,6
