nMATCH,nETICHETTE_SBAGLIATE,RATE_3,RATE_32,RATE_41,nALGO
0,92,0,0.33695652173913,0.66304347826087,1
1,94,0.0106382978723404,0.329787234042553,0.659574468085106,2
15,108,0.138888888888889,0.0462962962962963,0.814814814814815,3
12,92,0.130434782608696,0.108695652173913,0.760869565217391,4
12,92,0.130434782608696,0.108695652173913,0.760869565217391,5
5,117,0.0427350427350427,0.179487179487179,0.777777777777778,6
