nMATCH,nETICHETTE_SBAGLIATE,RATE_3,RATE_32,RATE_41,nALGO
18,172,0.104651162790698,0.209302325581395,0.686046511627907,1
18,186,0.0967741935483871,0.193548387096774,0.709677419354839,2
16,170,0.0941176470588235,0.241176470588235,0.664705882352941,3
8,211,0.037914691943128,0.327014218009479,0.635071090047393,4
8,210,0.0380952380952381,0.328571428571429,0.633333333333333,5
20,188,0.106382978723404,0.186170212765957,0.707446808510638,6
