nMATCH,nETICHETTE_SBAGLIATE,RATE_3,RATE_32,RATE_41,nALGO
10,223,0.0448430493273543,0.322869955156951,0.632286995515695,1
18,177,0.101694915254237,0.180790960451977,0.717514124293785,2
14,167,0.0838323353293413,0.245508982035928,0.67065868263473,3
10,218,0.0458715596330275,0.325688073394495,0.628440366972477,4
9,213,0.0422535211267606,0.338028169014085,0.619718309859155,5
18,184,0.0978260869565217,0.179347826086957,0.722826086956522,6
