nMATCH,nETICHETTE_SBAGLIATE,RATE_3,RATE_32,RATE_41,nALGO
1,94,0.0106382978723404,0.319148936170213,0.670212765957447,1
1,94,0.0106382978723404,0.319148936170213,0.670212765957447,2
12,106,0.113207547169811,0.0566037735849057,0.830188679245283,3
10,84,0.119047619047619,0.130952380952381,0.75,4
10,85,0.117647058823529,0.129411764705882,0.752941176470588,5
7,123,0.0569105691056911,0.178861788617886,0.764227642276423,6
