nMATCH,nETICHETTE_SBAGLIATE,RATE_3,RATE_32,RATE_41,nALGO
19,187,0.101604278074866,0.13903743315508,0.759358288770054,1
20,191,0.104712041884817,0.130890052356021,0.764397905759162,2
12,235,0.051063829787234,0.293617021276596,0.65531914893617,3
8,206,0.0388349514563107,0.383495145631068,0.577669902912621,4
8,206,0.0388349514563107,0.383495145631068,0.577669902912621,5
20,191,0.104712041884817,0.136125654450262,0.759162303664921,6
