nMATCH,nETICHETTE_SBAGLIATE,RATE_3,RATE_32,RATE_41,nALGO
5,377,0.013262599469496,0.0636604774535809,0.923076923076923,1
31,360,0.0861111111111111,0.0638888888888889,0.85,2
31,344,0.0901162790697674,0.0581395348837209,0.851744186046512,3
30,324,0.0925925925925926,0.0833333333333333,0.824074074074074,4
30,324,0.0925925925925926,0.0833333333333333,0.824074074074074,5
30,324,0.0925925925925926,0.0802469135802469,0.827160493827161,6
