nMATCH,nETICHETTE_SBAGLIATE,RATE_3,RATE_32,RATE_41,nALGO
19,182,0.104395604395604,0.197802197802198,0.697802197802198,1
19,183,0.103825136612022,0.191256830601093,0.704918032786885,2
12,229,0.0524017467248908,0.2882096069869,0.65938864628821,3
9,214,0.0420560747663551,0.327102803738318,0.630841121495327,4
9,211,0.042654028436019,0.33175355450237,0.625592417061611,5
9,214,0.0420560747663551,0.327102803738318,0.630841121495327,6
