nMATCH,nETICHETTE_SBAGLIATE,RATE_3,RATE_32,RATE_41,nALGO
7,368,0.0190217391304348,0.0679347826086956,0.91304347826087,1
29,369,0.0785907859078591,0.0596205962059621,0.861788617886179,2
33,365,0.0904109589041096,0.0547945205479452,0.854794520547945,3
26,345,0.0753623188405797,0.0666666666666667,0.857971014492754,4
26,345,0.0753623188405797,0.0666666666666667,0.857971014492754,5
26,344,0.0755813953488372,0.0668604651162791,0.857558139534884,6
