nMATCH,nETICHETTE_SBAGLIATE,RATE_3,RATE_32,RATE_41,nALGO
0,93,0,0.333333333333333,0.666666666666667,1
0,94,0,0.329787234042553,0.670212765957447,2
15,111,0.135135135135135,0.045045045045045,0.81981981981982,3
11,95,0.115789473684211,0.105263157894737,0.778947368421053,4
11,97,0.11340206185567,0.103092783505155,0.783505154639175,5
5,112,0.0446428571428571,0.1875,0.767857142857143,6
