nMATCH,nETICHETTE_SBAGLIATE,RATE_3,RATE_32,RATE_41,nALGO
0,95,0,0.326315789473684,0.673684210526316,1
0,95,0,0.326315789473684,0.673684210526316,2
13,106,0.122641509433962,0.0188679245283019,0.858490566037736,3
11,89,0.123595505617978,0.123595505617978,0.752808988764045,4
12,93,0.129032258064516,0.10752688172043,0.763440860215054,5
4,115,0.0347826086956522,0.2,0.765217391304348,6
