nMATCH,nETICHETTE_SBAGLIATE,RATE_3,RATE_32,RATE_41,nALGO
19,187,0.101604278074866,0.20855614973262,0.689839572192513,1
19,187,0.101604278074866,0.20855614973262,0.689839572192513,2
16,172,0.0930232558139535,0.255813953488372,0.651162790697674,3
9,211,0.042654028436019,0.312796208530806,0.644549763033175,4
8,210,0.0380952380952381,0.314285714285714,0.647619047619048,5
19,189,0.100529100529101,0.201058201058201,0.698412698412698,6
