nMATCH,nETICHETTE_SBAGLIATE,RATE_3,RATE_32,RATE_41,nALGO
6,378,0.0158730158730159,0.0634920634920635,0.920634920634921,1
30,359,0.0835654596100279,0.064066852367688,0.852367688022284,2
32,352,0.0909090909090909,0.0596590909090909,0.849431818181818,3
30,336,0.0892857142857143,0.0744047619047619,0.836309523809524,4
30,335,0.0895522388059701,0.0746268656716418,0.835820895522388,5
30,335,0.0895522388059701,0.0746268656716418,0.835820895522388,6
