nMATCH,nETICHETTE_SBAGLIATE,RATE_3,RATE_32,RATE_41,nALGO
16,116,0.137931034482759,0.00862068965517241,0.853448275862069,1
1,94,0.0106382978723404,0.319148936170213,0.670212765957447,2
14,109,0.128440366972477,0.036697247706422,0.834862385321101,3
13,97,0.134020618556701,0.103092783505155,0.762886597938144,4
13,97,0.134020618556701,0.0927835051546392,0.77319587628866,5
4,113,0.0353982300884956,0.185840707964602,0.778761061946903,6
