nMATCH,nETICHETTE_SBAGLIATE,RATE_3,RATE_32,RATE_41,nALGO
12,398,0.0301507537688442,0.0527638190954774,0.917085427135678,1
24,339,0.0707964601769911,0.0766961651917404,0.852507374631268,2
26,331,0.0785498489425982,0.0634441087613293,0.858006042296072,3
24,314,0.0764331210191083,0.0859872611464968,0.837579617834395,4
24,313,0.0766773162939297,0.0862619808306709,0.837060702875399,5
24,314,0.0764331210191083,0.0859872611464968,0.837579617834395,6
