nMATCH,nETICHETTE_SBAGLIATE,RATE_3,RATE_32,RATE_41,nALGO
0,93,0,0.333333333333333,0.666666666666667,1
0,93,0,0.333333333333333,0.666666666666667,2
12,105,0.114285714285714,0.0285714285714286,0.857142857142857,3
10,84,0.119047619047619,0.130952380952381,0.75,4
10,85,0.117647058823529,0.117647058823529,0.764705882352941,5
6,116,0.0517241379310345,0.198275862068966,0.75,6
