nMATCH,nETICHETTE_SBAGLIATE,RATE_3,RATE_32,RATE_41,nALGO
0,93,0,0.333333333333333,0.666666666666667,1
0,93,0,0.333333333333333,0.666666666666667,2
13,106,0.122641509433962,0.0283018867924528,0.849056603773585,3
10,85,0.117647058823529,0.117647058823529,0.764705882352941,4
11,100,0.11,0.07,0.82,5
11,97,0.11340206185567,0.0721649484536082,0.814432989690722,6
