nMATCH,nETICHETTE_SBAGLIATE,RATE_3,RATE_32,RATE_41,nALGO
18,188,0.0957446808510638,0.207446808510638,0.696808510638298,1
18,187,0.0962566844919786,0.203208556149733,0.700534759358289,2
16,176,0.0909090909090909,0.238636363636364,0.670454545454545,3
9,212,0.0424528301886792,0.311320754716981,0.64622641509434,4
8,206,0.0388349514563107,0.325242718446602,0.635922330097087,5
19,188,0.101063829787234,0.202127659574468,0.696808510638298,6
