nMATCH,nETICHETTE_SBAGLIATE,RATE_3,RATE_32,RATE_41,nALGO
7,368,0.0190217391304348,0.0706521739130435,0.910326086956522,1
29,368,0.078804347826087,0.0570652173913043,0.864130434782609,2
33,362,0.0911602209944751,0.0524861878453039,0.856353591160221,3
28,336,0.0833333333333333,0.0744047619047619,0.842261904761905,4
28,336,0.0833333333333333,0.0744047619047619,0.842261904761905,5
28,336,0.0833333333333333,0.0744047619047619,0.842261904761905,6
