nMATCH,nETICHETTE_SBAGLIATE,RATE_3,RATE_32,RATE_41,nALGO
6,369,0.016260162601626,0.0650406504065041,0.91869918699187,1
29,366,0.0792349726775956,0.0628415300546448,0.85792349726776,2
32,364,0.0879120879120879,0.0604395604395604,0.851648351648352,3
27,336,0.0803571428571429,0.0744047619047619,0.845238095238095,4
27,340,0.0794117647058823,0.0735294117647059,0.847058823529412,5
27,336,0.0803571428571429,0.0744047619047619,0.845238095238095,6
