nMATCH,nETICHETTE_SBAGLIATE,RATE_3,RATE_32,RATE_41,nALGO
0,92,0,0.33695652173913,0.66304347826087,1
0,92,0,0.33695652173913,0.66304347826087,2
13,108,0.12037037037037,0.0277777777777778,0.851851851851852,3
10,83,0.120481927710843,0.120481927710843,0.759036144578313,4
11,98,0.112244897959184,0.0714285714285714,0.816326530612245,5
11,98,0.112244897959184,0.0816326530612245,0.806122448979592,6
