nMATCH,nETICHETTE_SBAGLIATE,RATE_3,RATE_32,RATE_41,nALGO
0,94,0,0.329787234042553,0.670212765957447,1
1,95,0.0105263157894737,0.326315789473684,0.663157894736842,2
13,106,0.122641509433962,0.0377358490566038,0.839622641509434,3
9,86,0.104651162790698,0.116279069767442,0.779069767441861,4
11,95,0.115789473684211,0.0947368421052632,0.789473684210526,5
11,95,0.115789473684211,0.0947368421052632,0.789473684210526,6
