nMATCH,nETICHETTE_SBAGLIATE,RATE_3,RATE_32,RATE_41,nALGO
9,217,0.0414746543778802,0.331797235023041,0.626728110599078,1
19,183,0.103825136612022,0.174863387978142,0.721311475409836,2
15,166,0.0903614457831325,0.228915662650602,0.680722891566265,3
9,218,0.0412844036697248,0.348623853211009,0.610091743119266,4
9,217,0.0414746543778802,0.350230414746544,0.608294930875576,5
19,182,0.104395604395604,0.164835164835165,0.730769230769231,6
