nMATCH,nETICHETTE_SBAGLIATE,RATE_3,RATE_32,RATE_41,nALGO
18,191,0.0942408376963351,0.209424083769634,0.696335078534031,1
18,190,0.0947368421052632,0.2,0.705263157894737,2
16,175,0.0914285714285714,0.245714285714286,0.662857142857143,3
10,210,0.0476190476190476,0.314285714285714,0.638095238095238,4
10,210,0.0476190476190476,0.314285714285714,0.638095238095238,5
18,189,0.0952380952380952,0.201058201058201,0.703703703703704,6
