CMEANS_A,CMEANS_B,CMEANS_C,KMEANS_CB_A,KMEANS_CB_B,KMEANS_CB_C,KMEANS_CR_A,KMEANS_CR_B,KMEANS_CR_C,KMEANS_CS_A,KMEANS_CS_B,KMEANS_CS_C,KMEANS_SQ_A,KMEANS_SQ_B,KMEANS_SQ_C,NET_A,NET_B,NET_C
0.536912751677852,0.285234899328859,0.177852348993289,0.218120805369128,0.261744966442953,0.520134228187919,0.228187919463087,0.197986577181208,0.573825503355705,0.271812080536913,0.567114093959732,0.161073825503356,0.543624161073825,0.177852348993289,0.278523489932886,0.543624161073825,0.278523489932886,0.177852348993289
0.470588235294118,0.294117647058824,0.235294117647059,0.235294117647059,0.470588235294118,0.294117647058824,0,0.470588235294118,0.529411764705882,0.470588235294118,0.529411764705882,0,0.470588235294118,0.235294117647059,0.294117647058824,0.470588235294118,0.294117647058824,0.235294117647059
0.142857142857143,0.285714285714286,0.571428571428571,0.714285714285714,0.142857142857143,0.142857142857143,0,0.142857142857143,0.857142857142857,0.142857142857143,0.857142857142857,0,0.142857142857143,0.571428571428571,0.285714285714286,0.142857142857143,0.285714285714286,0.571428571428571
25,25,0.467486323388416,25,25,0.27718872784013,25,25,0.518639670633354,25,25,0.267074615080932,25,25,0.35487752147839,25,25,0.46972345985374
