CMEANS_A,CMEANS_B,CMEANS_C,KMEANS_CB_A,KMEANS_CB_B,KMEANS_CB_C,KMEANS_CR_A,KMEANS_CR_B,KMEANS_CR_C,KMEANS_CS_A,KMEANS_CS_B,KMEANS_CS_C,KMEANS_SQ_A,KMEANS_SQ_B,KMEANS_SQ_C,NET_A,NET_B,NET_C
0.536912751677852,0.285234899328859,0.177852348993289,0.198952879581152,0.523560209424084,0.277486910994764,0.251295336787565,0.173575129533679,0.575129533678757,0.572544642857143,0.184151785714286,0.243303571428571,0.568539325842697,0.141573033707865,0.289887640449438,0.522222222222222,0.3,0.177777777777778
0.470588235294118,0.294117647058824,0.235294117647059,0.318181818181818,0.363636363636364,0.318181818181818,0,0.55,0.45,0.48936170212766,0.51063829787234,0,0.5,0.269230769230769,0.230769230769231,0.44,0.32,0.24
0.142857142857143,0.285714285714286,0.571428571428571,0.1,0.1,0.8,0,0.142857142857143,0.857142857142857,0.952380952380952,0.0476190476190476,0,0.0833333333333333,0.166666666666667,0.75,0,0.285714285714286,0.714285714285714
1,25,0.467486323388416,1,19,0.454196414405839,7,25,0.552812731310141,19,25,0.361060980243161,1,16,0.529256698357822,10,25,0.518835978835979
