CMEANS_A,CMEANS_B,CMEANS_C,CMEANS_1ACC_A,CMEANS_1ACC_B,CMEANS_1ACC_C,KMEANS_CB_A,KMEANS_CB_B,KMEANS_CB_C,KMEANS_CB_A_1ACC,KMEANS_CB_B_1ACC,KMEANS_CB_C_1ACC,KMEANS_CS_A,KMEANS_CS_B,KMEANS_CS_C,KMEANS_CS_A_1ACC,KMEANS_CS_B_1ACC,KMEANS_CS_C_1ACC,KMEANS_CR_A,KMEANS_CR_B,KMEANS_CR_C,KMEANS_CR_A_1ACC,KMEANS_CR_B_1ACC,KMEANS_CR_C_1ACC,KMEANS_SQ_A,KMEANS_SQ_B,KMEANS_SQ_C,KMEANS_SQ_A_1ACC,KMEANS_SQ_B_1ACC,KMEANS_SQ_C_1ACC,NET_A,NET_B,NET_C,NET_A_1ACC,NET_B_1ACC,NET_C_1ACC
0.411764705882353,0.264705882352941,0.323529411764706,0.441176470588235,0.254901960784314,0.303921568627451,0,0,0,0,0,0,0.382352941176471,0.254901960784314,0.362745098039216,0.421800947867299,0.327014218009479,0.251184834123223,0.366197183098592,0.338028169014085,0.295774647887324,0,0,0,0.394366197183099,0.309859154929577,0.295774647887324,0.441176470588235,0.225490196078431,0.333333333333333,0,0,0,0,0,0
0,0.684210526315789,0.315789473684211,0.0526315789473684,0.947368421052632,0,0,0,0,0,0,0,0,0.684210526315789,0.315789473684211,0.0833333333333333,0.916666666666667,0,0,0.818181818181818,0.181818181818182,0,0,0,0,0.727272727272727,0.272727272727273,0.0526315789473684,0.947368421052632,0,0,0,0,0,0,0
0,0.142857142857143,0.857142857142857,0,0.857142857142857,0.142857142857143,0,0,0,0,0,0,0,0.428571428571429,0.571428571428571,0.111111111111111,0.666666666666667,0.222222222222222,0,0.666666666666667,0.333333333333333,0,0,0,0,0.333333333333333,0.666666666666667,0,0.857142857142857,0.142857142857143,0,0,0,0,0,0
16,25,0.651039363113666,16,22,0.51046734483267,0,0,0,0,0,0,16,25,0.545997346306944,7,19,0.520229945585396,25,25,0.505904111537914,0,0,0,25,25,0.596101863707498,16,22,0.51046734483267,0,0,0,0,0,0
