CMEANS_P,CMEANS_N,KMEANS_CB_P,KMEANS_CB_N,KMEANS_CS_P,KMEANS_CS_N,KMEANS_CR_P,KMEANS_CR_N,KMEANS_SQ_P,KMEANS_SQ_N,NET_P,NET_N
30,45,34,41,58,17,18,57,48,27,48,27
12,1,0,13,13,0,0,13,2,11,2,11
18,17,18,17,18,17,18,17,18,17,18,17
0.4,0.0769230769230769,0.453333333333333,1,0.773333333333333,0,0.24,1,0.64,0.846153846153846,0.64,0.846153846153846
