CMEANS_P,CMEANS_N,KMEANS_CB_P,KMEANS_CB_N,KMEANS_CS_P,KMEANS_CS_N,KMEANS_CR_P,KMEANS_CR_N,KMEANS_SQ_P,KMEANS_SQ_N,NET_P,NET_N
146,85,34,41,36,103,47,127,73,42,73,42
5,30,0,13,0,20,0,25,2,15,2,15
1,5,1,17,3,11,1,7,7,17,7,17
0.632034632034632,0.857142857142857,0.453333333333333,1,0.258992805755396,1,0.270114942528736,1,0.634782608695652,0.882352941176471,0.634782608695652,0.882352941176471
