CMEANS_A,CMEANS_B,CMEANS_C,KMEANS_CB_A,KMEANS_CB_B,KMEANS_CB_C,KMEANS_CR_A,KMEANS_CR_B,KMEANS_CR_C,KMEANS_CS_A,KMEANS_CS_B,KMEANS_CS_C,KMEANS_SQ_A,KMEANS_SQ_B,KMEANS_SQ_C,NET_A,NET_B,NET_C
0.275618374558304,0.183745583038869,0.540636042402827,0.204946996466431,0.515901060070671,0.279151943462898,0.498233215547703,0.360424028268551,0.141342756183746,0.141342756183746,0.360424028268551,0.498233215547703,0.547703180212014,0.162544169611307,0.289752650176678,0.54416961130742,0.293286219081272,0.162544169611307
0.235294117647059,0.294117647058824,0.470588235294118,0.352941176470588,0.235294117647059,0.411764705882353,0.117647058823529,0.352941176470588,0.529411764705882,0.529411764705882,0.352941176470588,0.117647058823529,0.470588235294118,0.235294117647059,0.294117647058824,0.470588235294118,0.294117647058824,0.235294117647059
0.666666666666667,0.333333333333333,0,0.333333333333333,0,0.666666666666667,0,0.666666666666667,0.333333333333333,0.333333333333333,0.666666666666667,0,0.111111111111111,0.333333333333333,0.555555555555556,0.111111111111111,0.555555555555556,0.333333333333333
25,25,0.189912007205709,25,25,0.368969260260052,25,25,0.394835908450541,25,25,0.164761310884778,25,25,0.446184284471543,25,25,0.390540197233192
