CMEANS_A,CMEANS_B,CMEANS_C,KMEANS_CB_A,KMEANS_CB_B,KMEANS_CB_C,KMEANS_CR_A,KMEANS_CR_B,KMEANS_CR_C,KMEANS_CS_A,KMEANS_CS_B,KMEANS_CS_C,KMEANS_SQ_A,KMEANS_SQ_B,KMEANS_SQ_C,NET_A,NET_B,NET_C
0.245791245791246,0.528619528619529,0.225589225589226,0.255892255892256,0.222222222222222,0.521885521885522,0.498316498316498,0.346801346801347,0.154882154882155,0.154882154882155,0.346801346801347,0.498316498316498,0.525252525252525,0.239057239057239,0.235690235690236,0.525252525252525,0.235690235690236,0.239057239057239
0.411764705882353,0.411764705882353,0.176470588235294,0.235294117647059,0.470588235294118,0.294117647058824,0.235294117647059,0.294117647058824,0.470588235294118,0.470588235294118,0.294117647058824,0.235294117647059,0.411764705882353,0.235294117647059,0.352941176470588,0.411764705882353,0.352941176470588,0.235294117647059
0.375,0.125,0.5,0.5,0.375,0.125,0.125,0.625,0.25,0.25,0.625,0.125,0.125,0.5,0.375,0.125,0.375,0.5
25,25,0.3858519838912,25,25,0.283826830395458,25,25,0.347478048458441,25,25,0.19133326731366,25,25,0.378515547633195,25,25,0.459397900574371
