CMEANS_P,CMEANS_N,KMEANS_CB_P,KMEANS_CB_N,KMEANS_CS_P,KMEANS_CS_N,KMEANS_CR_P,KMEANS_CR_N,KMEANS_SQ_P,KMEANS_SQ_N,NET_P,NET_N
0.433898305084746,0.428571428571429,0.573363431151242,0.519480519480519,0.530343007915567,0.526315789473684,0.477966101694915,0.428571428571429,0.572881355932203,0.571428571428571,0.586466165413534,0.555555555555556
0.566101694915254,0.571428571428571,0.426636568848758,0.480519480519481,0.469656992084433,0.473684210526316,0.522033898305085,0.571428571428571,0.427118644067797,0.428571428571429,0.413533834586466,0.444444444444444
17,17,3,17,13,17,17,17,17,17,9,17
