CMEANS_P,CMEANS_N,KMEANS_CB_P,KMEANS_CB_N,KMEANS_CS_P,KMEANS_CS_N,KMEANS_CR_P,KMEANS_CR_N,KMEANS_SQ_P,KMEANS_SQ_N,NET_P,NET_N
129,166,138,157,154,141,141,154,169,126,166,129
6,8,8,6,8,6,6,8,8,6,8,6
17,18,17,18,17,18,17,18,17,18,17,18
137,0.44336569579288,144,0.466019417475728,160,0.517799352750809,149,0.482200647249191,175,0.566343042071197,172,0.55663430420712
