CMEANS_P,CMEANS_N,KMEANS_CB_P,KMEANS_CB_N,KMEANS_CS_P,KMEANS_CS_N,KMEANS_CR_P,KMEANS_CR_N,KMEANS_SQ_P,KMEANS_SQ_N,NET_P,NET_N
134,173,142,165,160,147,148,159,173,134,173,134
5,10,8,7,10,5,5,10,10,5,10,5
18,17,18,17,18,17,18,17,18,17,18,17
144,0.447204968944099,149,0.462732919254658,165,0.512422360248447,158,0.490683229813665,178,0.552795031055901,178,0.552795031055901
